{
  "Equipment": [],
  "Model": 127,
  "PlayerName": "TheFrenchDodo",
  "PosZ": -777.5124999880791,
  "Id": [
    630773949,
    -2118693985,
    -1098457365,
    -1063917446
  ],
  "PosY": 106.6469360500657,
  "PosX": -2423.6988211999837,
  "Dimension": "minecraft:overworld",
  "ArmorInventory": [],
  "Timestamp": 1756640392317,
  "MainInventory": [],
  "Experience": 10,
  "PlayerUuid": [
    -1300637667,
    -584760945,
    -1215534361,
    674047685
  ],
  "Items": [],
  "OffHandInventory": []
}