{
  "Equipment": [],
  "Model": 127,
  "PlayerName": "TheFrenchDodo",
  "PosZ": -25.69999998807907,
  "Id": [
    1784487374,
    84821440,
    -2083008275,
    1548422920
  ],
  "PosY": -63.0,
  "PosX": -1005.3000000119209,
  "Dimension": "minecraft:overworld",
  "ArmorInventory": [],
  "Timestamp": 1759578948674,
  "MainInventory": [],
  "Experience": 7,
  "PlayerUuid": [
    -1300637667,
    -584760945,
    -1215534361,
    674047685
  ],
  "Items": [],
  "OffHandInventory": []
}