{
  "Equipment": [],
  "Model": 127,
  "PlayerName": "TheFrenchDodo",
  "PosZ": -25.52683548067455,
  "Id": [
    -1564810016,
    248529598,
    -1150784129,
    2020264068
  ],
  "PosY": -63.0,
  "PosX": -1005.0009672576684,
  "Dimension": "minecraft:overworld",
  "ArmorInventory": [],
  "Timestamp": 1759576802224,
  "MainInventory": [],
  "Experience": 0,
  "PlayerUuid": [
    -1300637667,
    -584760945,
    -1215534361,
    674047685
  ],
  "Items": [],
  "OffHandInventory": []
}