{
  "Equipment": [],
  "Model": 127,
  "PlayerName": "TheFrenchDodo",
  "PosZ": -25.30000001192093,
  "Id": [
    -109186380,
    1406681600,
    -1578207475,
    -2054839523
  ],
  "PosY": -63.0,
  "PosX": -1004.3000000119209,
  "Dimension": "minecraft:overworld",
  "ArmorInventory": [],
  "Timestamp": 1760567291748,
  "MainInventory": [],
  "Experience": 4,
  "PlayerUuid": [
    -1300637667,
    -584760945,
    -1215534361,
    674047685
  ],
  "Items": [],
  "OffHandInventory": []
}