{
  "data": {
    "type": 0,
    "openers": [
      [
        -777886662,
        -43627786,
        -2114708613,
        -1931975085
      ],
      [
        2088048874,
        -679722978,
        -2141306900,
        -1177290616
      ],
      [
        1433557250,
        -1386395105,
        -1629274564,
        1643515946
      ],
      [
        -1300637667,
        -584760945,
        -1215534361,
        674047685
      ],
      [
        -1885153931,
        100551408,
        -1506813879,
        988589670
      ],
      [
        -1678841899,
        1864648116,
        -1393378093,
        -894335838
      ]
    ],
    "inventories": [
      {
        "chest": {
          "Items": [
            {
              "Slot": 0,
              "count": 1,
              "components": {
                "minecraft:enchantments": {
                  "levels": {
                    "minecraft:sharpness": 3,
                    "minecraft:unbreaking": 3
                  }
                }
              },
              "id": "minecraft:iron_sword"
            },
            {
              "Slot": 2,
              "count": 1,
              "components": {
                "minecraft:potion_contents": {
                  "potion": "ars_nouveau:mana_regen_potion_strong"
                }
              },
              "id": "minecraft:potion"
            },
            {
              "Slot": 6,
              "count": 2,
              "id": "ars_nouveau:sourceberry_bush"
            }
          ]
        },
        "uuid": [
          1433557250,
          -1386395105,
          -1629274564,
          1643515946
        ]
      },
      {
        "chest": {
          "Items": [
            {
              "Slot": 9,
              "count": 1,
              "components": {
                "relics:data": {
                  "abilities": {
                    "abilities": {
                      "mayhem": {
                        "stats": {
                          "bounces": {
                            "initialValue": 2.9763
                          },
                          "damage": {
                            "initialValue": 0.11939
                          },
                          "chance": {
                            "initialValue": 0.08522
                          }
                        },
                        "lock": {
                          "breaks": 5
                        },
                        "research": {
                          "links": {},
                          "researched": 0
                        },
                        "extender": {
                          "ticking": 0,
                          "cooldown": 0,
                          "cooldownCap": 0
                        },
                        "points": 0
                      },
                      "cloning": {
                        "stats": {
                          "chance": {
                            "initialValue": 0.07949
                          }
                        },
                        "lock": {
                          "breaks": 0
                        },
                        "research": {
                          "links": {},
                          "researched": 0
                        },
                        "extender": {
                          "ticking": 0,
                          "cooldown": 0,
                          "cooldownCap": 0
                        },
                        "points": 0
                      }
                    }
                  },
                  "leveling": {
                    "luck": 0,
                    "experience": 0,
                    "level": 0,
                    "points": 0
                  }
                }
              },
              "id": "relics:shadow_glaive"
            },
            {
              "Slot": 12,
              "count": 1,
              "components": {
                "minecraft:enchantments": {
                  "levels": {
                    "minecraft:sharpness": 4,
                    "minecraft:smite": 5,
                    "minecraft:knockback": 2,
                    "minecraft:unbreaking": 3
                  }
                }
              },
              "id": "minecraft:diamond_sword"
            }
          ]
        },
        "uuid": [
          2088048874,
          -679722978,
          -2141306900,
          -1177290616
        ]
      },
      {
        "chest": {
          "Items": [
            {
              "Slot": 0,
              "count": 1,
              "id": "ars_additions:codex_entry"
            },
            {
              "Slot": 1,
              "count": 2,
              "id": "ars_nouveau:wilden_spike"
            },
            {
              "Slot": 2,
              "count": 1,
              "id": "minecraft:iron_ingot"
            },
            {
              "Slot": 3,
              "count": 1,
              "components": {
                "minecraft:enchantments": {
                  "levels": {
                    "minecraft:mending": 1,
                    "minecraft:sharpness": 3
                  }
                }
              },
              "id": "minecraft:iron_sword"
            },
            {
              "Slot": 5,
              "count": 1,
              "id": "ars_nouveau:wixie_shards"
            },
            {
              "Slot": 7,
              "count": 6,
              "id": "minecraft:beetroot_seeds"
            },
            {
              "Slot": 8,
              "count": 1,
              "id": "ars_nouveau:wilden_spike"
            },
            {
              "Slot": 11,
              "count": 4,
              "id": "minecraft:beetroot_seeds"
            },
            {
              "Slot": 17,
              "count": 3,
              "id": "minecraft:iron_ingot"
            },
            {
              "Slot": 19,
              "count": 2,
              "id": "minecraft:gold_ingot"
            },
            {
              "Slot": 22,
              "count": 2,
              "id": "minecraft:gold_ingot"
            },
            {
              "Slot": 23,
              "count": 1,
              "components": {
                "minecraft:stored_enchantments": {
                  "levels": {
                    "supplementaries:stasis": 1
                  }
                }
              },
              "id": "minecraft:enchanted_book"
            },
            {
              "Slot": 24,
              "count": 3,
              "id": "minecraft:gold_ingot"
            },
            {
              "Slot": 25,
              "count": 1,
              "id": "minecraft:gold_ingot"
            },
            {
              "Slot": 26,
              "count": 2,
              "id": "minecraft:iron_ingot"
            }
          ]
        },
        "uuid": [
          -1885153931,
          100551408,
          -1506813879,
          988589670
        ]
      },
      {
        "chest": {
          "Items": []
        },
        "uuid": [
          -1678841899,
          1864648116,
          -1393378093,
          -894335838
        ]
      },
      {
        "chest": {
          "Items": [
            {
              "Slot": 0,
              "count": 1,
              "components": {
                "minecraft:enchantments": {
                  "levels": {
                    "minecraft:fire_protection": 2,
                    "minecraft:protection": 2
                  }
                }
              },
              "id": "minecraft:iron_chestplate"
            },
            {
              "Slot": 1,
              "count": 1,
              "components": {
                "minecraft:enchantments": {
                  "levels": {
                    "minecraft:unbreaking": 3
                  }
                }
              },