{
  "Equipment": [],
  "Model": 127,
  "PlayerName": "LeFauxMatt",
  "PosZ": -35.71517056162159,
  "Id": [
    928712153,
    -23573650,
    -1388541541,
    563432235
  ],
  "PosY": 57.0,
  "PosX": 34.702529901858014,
  "Dimension": "minecraft:the_end",
  "ArmorInventory": [],
  "Timestamp": 1756170289804,
  "MainInventory": [],
  "Experience": 20,
  "PlayerUuid": [
    -333771984,
    2016232684,
    -1912178210,
    -247182298
  ],
  "Items": [],
  "OffHandInventory": []
}