{
  "Equipment": [
    {
      "id": "minecraft:dirt",
      "count": 1
    }
  ],
  "Model": 127,
  "PlayerName": "LeFauxMatt",
  "PosZ": 1099.699999988079,
  "Id": [
    -1474128647,
    -432979354,
    -1581176784,
    -874670192
  ],
  "PosY": 65.0,
  "PosX": -1344.699999988079,
  "Dimension": "minecraft:overworld",
  "ArmorInventory": [],
  "Timestamp": 1752956195003,
  "MainInventory": [
    {
      "count": 1,
      "Slot": 0,
      "id": "minecraft:dirt"
    }
  ],
  "Experience": 1,
  "PlayerUuid": [
    -333771984,
    2016232684,
    -1912178210,
    -247182298
  ],
  "Items": [],
  "OffHandInventory": []
}