{
  "Equipment": [],
  "Model": 127,
  "PlayerName": "LeFauxMatt",
  "PosZ": -77.86899532112854,
  "Id": [
    -1322450457,
    -1927722095,
    -1219072385,
    -1661687884
  ],
  "PosY": 56.17012203007597,
  "PosX": 48.633145681577254,
  "Dimension": "minecraft:the_end",
  "ArmorInventory": [],
  "Timestamp": 1756170078854,
  "MainInventory": [],
  "Experience": 19,
  "PlayerUuid": [
    -333771984,
    2016232684,
    -1912178210,
    -247182298
  ],
  "Items": [],
  "OffHandInventory": []
}