{
  "data": {
    "type": 0,
    "openers": [
      [
        -777886662,
        -43627786,
        -2114708613,
        -1931975085
      ],
      [
        2088048874,
        -679722978,
        -2141306900,
        -1177290616
      ],
      [
        1433557250,
        -1386395105,
        -1629274564,
        1643515946
      ],
      [
        -1300637667,
        -584760945,
        -1215534361,
        674047685
      ],
      [
        -1885153931,
        100551408,
        -1506813879,
        988589670
      ],
      [
        -1678841899,
        1864648116,
        -1393378093,
        -894335838
      ]
    ],
    "inventories": [
      {
        "chest": {
          "Items": [
            {
              "Slot": 0,
              "count": 1,
              "id": "minecraft:saddle"
            },
            {
              "Slot": 2,
              "count": 1,
              "components": {
                "minecraft:potion_contents": {
                  "potion": "ars_nouveau:mana_regen_potion_long"
                }
              },
              "id": "minecraft:potion"
            },
            {
              "Slot": 3,
              "count": 1,
              "components": {
                "minecraft:stored_enchantments": {
                  "levels": {
                    "supplementaries:stasis": 1
                  }
                }
              },
              "id": "minecraft:enchanted_book"
            }
          ]
        },
        "uuid": [
          1433557250,
          -1386395105,
          -1629274564,
          1643515946
        ]
      },
      {
        "chest": {
          "Items": [
            {
              "Slot": 2,
              "count": 1,
              "components": {
                "relics:data": {
                  "abilities": {
                    "abilities": {
                      "mayhem": {
                        "stats": {
                          "bounces": {
                            "initialValue": 3.76557
                          },
                          "damage": {
                            "initialValue": 0.10911
                          },
                          "chance": {
                            "initialValue": 0.13199
                          }
                        },
                        "lock": {
                          "breaks": 5
                        },
                        "research": {
                          "links": {},
                          "researched": 0
                        },
                        "extender": {
                          "ticking": 0,
                          "cooldown": 0,
                          "cooldownCap": 0
                        },
                        "points": 0
                      },
                      "cloning": {
                        "stats": {
                          "chance": {
                            "initialValue": 0.08926
                          }
                        },
                        "lock": {
                          "breaks": 0
                        },
                        "research": {
                          "links": {},
                          "researched": 0
                        },
                        "extender": {
                          "ticking": 0,
                          "cooldown": 0,
                          "cooldownCap": 0
                        },
                        "points": 0
                      }
                    }
                  },
                  "leveling": {
                    "luck": 0,
                    "experience": 0,
                    "level": 0,
                    "points": 0
                  }
                }
              },
              "id": "relics:shadow_glaive"
            },
            {
              "Slot": 6,
              "count": 1,
              "id": "exposure_expanded:wobble_filter"
            },
            {
              "Slot": 8,
              "count": 1,
              "components": {
                "minecraft:potion_contents": {
                  "potion": "ars_nouveau:mana_regen_potion_strong"
                }
              },
              "id": "minecraft:potion"
            },
            {
              "Slot": 25,
              "count": 1,
              "components": {
                "minecraft:enchantments": {
                  "levels": {
                    "apothic_enchanting:rebounding": 2,
                    "minecraft:fire_protection": 4
                  }
                }
              },
              "id": "minecraft:diamond_leggings"
            }
          ]
        },
        "uuid": [
          2088048874,
          -679722978,
          -2141306900,
          -1177290616
        ]
      },
      {
        "chest": {
          "Items": [
            {
              "Slot": 0,
              "count": 1,
              "components": {
                "minecraft:enchantments": {
                  "levels": {
                    "ars_nouveau:mana_regen": 3
                  }
                }
              },
              "id": "minecraft:diamond_chestplate"
            },
            {
              "Slot": 1,
              "count": 1,
              "components": {
                "minecraft:potion_contents": {
                  "potion": "ars_nouveau:mana_regen_potion_long"
                }
              },
              "id": "minecraft:potion"
            },
            {
              "Slot": 2,
              "count": 2,
              "id": "minecraft:diamond"
            },
            {
              "Slot": 3,
              "count": 2,
              "id": "ars_nouveau:warp_scroll"
            },
            {
              "Slot": 4,
              "count": 1,
              "id": "ars_nouveau:drygmy_shard"
            },
            {
              "Slot": 5,
              "count": 1,
              "components": {
                "minecraft:enchantments": {
                  "levels": {
                    "minecraft:unbreaking": 3
                  }
                }
              },
              "id": "farmersdelight:diamond_knife"
            }
          ]
        },
        "uuid": [
          -1885153931,
          100551408,
          -1506813879,
          988589670
        ]
      },
      {
        "chest": {
          "Items": []
        },
        "uuid": [
          -1678841899,
          1864648116,
          -1393378093,
          -894335838
        ]
      },
      {
        "chest": {
          "Items": [
            {
              "Slot": 0,
              "count": 1,
              "id": "minecraft:iron_ingot"
            },
            {
              "Slot": 1,
              "count": 2,
              "id": "minecraft:iron_ingot"
            },
            {
              "Slot": 4,
              "count": 1,
              "components": {
                "minecraft:potion_contents": {
                  "potion": "ars_nouveau:mana_regen_potion_strong"
                }
              },
              "id": "minecraft:potion"
            },
            {
              "Slot": 5,
              "count": 1,
              "components": {
                "minecraft:enchantments": {
                  "levels": {
                    "minecraft:protection": 4,
                    "minecraft:aqua_affinity": 1,
                    "minecraft:unbreaking": 3
                  }
                }
              },
              "id": "minecraft:diamond_helmet"
            },
            {
              "Slot": 6,
              "count": 1,
              "id": "minecraft:iron_ingot"
            },
            {
              "Slot": 7,
              "count": 1,
              "components": {
                "minecraft:enchantments": {
                  "levels": {
                    "minecraft:bane_of_arthropods": 3,
                    "pastel:voiding": 1
                  }
                }
              },