{
  "Equipment": [
    {
      "id": "minecraft:netherrack",
      "count": 58
    }
  ],
  "Model": 127,
  "PlayerName": "tlitookilakin",
  "PosZ": -345.69999998807907,
  "Id": [
    366376690,
    919487179,
    -1325624899,
    915501342
  ],
  "PosY": 15.0,
  "PosX": -514.3833339716442,
  "Dimension": "minecraft:overworld",
  "ArmorInventory": [],
  "Timestamp": 1753200566632,
  "MainInventory": [
    {
      "count": 58,
      "Slot": 0,
      "id": "minecraft:netherrack"
    },
    {
      "count": 15,
      "Slot": 8,
      "id": "extradelight:roasted_apple"
    }
  ],
  "Experience": 1,
  "PlayerUuid": [
    -1897521421,
    518932583,
    -1765357074,
    1888276970
  ],
  "Items": [],
  "OffHandInventory": []
}