{
  "Equipment": [],
  "Model": 127,
  "PlayerName": "tlitookilakin",
  "PosZ": -281.69999998807907,
  "Id": [
    520294706,
    -1013691460,
    -1637445797,
    1755203845
  ],
  "PosY": 17.0,
  "PosX": -523.6973824372308,
  "Dimension": "minecraft:overworld",
  "ArmorInventory": [],
  "Timestamp": 1753200733276,
  "MainInventory": [],
  "Experience": 0,
  "PlayerUuid": [
    -1897521421,
    518932583,
    -1765357074,
    1888276970
  ],
  "Items": [],
  "OffHandInventory": []
}