{
  "Equipment": [
    {
      "id": "minecraft:string",
      "count": 1
    }
  ],
  "Model": 127,
  "PlayerName": "tlitookilakin",
  "PosZ": -1425.485141540482,
  "Id": [
    2006174126,
    1939948555,
    -1471163665,
    1172436157
  ],
  "PosY": -282.8557832571718,
  "PosX": -1317.3541154957352,
  "Dimension": "pastel:deeper_down",
  "ArmorInventory": [],
  "Timestamp": 1759429985804,
  "MainInventory": [
    {
      "count": 1,
      "Slot": 0,
      "id": "minecraft:string"
    }
  ],
  "Experience": 0,
  "PlayerUuid": [
    -1897521421,
    518932583,
    -1765357074,
    1888276970
  ],
  "Items": [],
  "OffHandInventory": []
}