{
  "Equipment": [
    {
      "id": "minecraft:bucket",
      "count": 1
    }
  ],
  "Model": 127,
  "PlayerName": "tlitookilakin",
  "PosZ": -294.37858077757204,
  "Id": [
    2024277278,
    1830308705,
    -1213558416,
    -904710809
  ],
  "PosY": -124.0,
  "PosX": -509.31025472453473,
  "Dimension": "pastel:deeper_down",
  "ArmorInventory": [],
  "Timestamp": 1758639041752,
  "MainInventory": [
    {
      "count": 1,
      "Slot": 8,
      "id": "minecraft:bucket"
    }
  ],
  "Experience": 0,
  "PlayerUuid": [
    -1897521421,
    518932583,
    -1765357074,
    1888276970
  ],
  "Items": [],
  "OffHandInventory": []
}