{
  "Equipment": [],
  "Model": 127,
  "PlayerName": "tlitookilakin",
  "PosZ": -345.69999998807907,
  "Id": [
    -802858402,
    -1254603931,
    -1882587693,
    179485373
  ],
  "PosY": 16.176759275064235,
  "PosX": -513.0940109283305,
  "Dimension": "minecraft:overworld",
  "ArmorInventory": [],
  "Timestamp": 1753200470835,
  "MainInventory": [],
  "Experience": 0,
  "PlayerUuid": [
    -1897521421,
    518932583,
    -1765357074,
    1888276970
  ],
  "Items": [],
  "OffHandInventory": []
}