{
  "Equipment": [
    {
      "id": "minecraft:ladder",
      "count": 2
    }
  ],
  "Model": 127,
  "PlayerName": "PilBerry",
  "PosZ": -2907.695709452026,
  "Id": [
    615637480,
    -990885631,
    -1620403352,
    481939642
  ],
  "PosY": 20.0,
  "PosX": 3158.5607537398623,
  "Dimension": "minecraft:overworld",
  "ArmorInventory": [],
  "Timestamp": 1753032238296,
  "MainInventory": [
    {
      "count": 1,
      "Slot": 0,
      "id": "minecraft:cobblestone"
    },
    {
      "count": 2,
      "Slot": 8,
      "id": "minecraft:ladder"
    }
  ],
  "Experience": 0,
  "PlayerUuid": [
    -531319254,
    -422099107,
    -1884379925,
    -108231399
  ],
  "Items": [],
  "OffHandInventory": []
}