{
  "Equipment": [],
  "Model": 127,
  "PlayerName": "PilBerry",
  "PosZ": -2952.9289969269335,
  "Id": [
    -32677278,
    -1871820377,
    -1402258381,
    1507274594
  ],
  "PosY": 65.5625,
  "PosX": 3110.1500489323325,
  "Dimension": "minecraft:overworld",
  "ArmorInventory": [],
  "Timestamp": 1753067810607,
  "MainInventory": [],
  "Experience": 0,
  "PlayerUuid": [
    -531319254,
    -422099107,
    -1884379925,
    -108231399
  ],
  "Items": [],
  "OffHandInventory": []
}