{
  "Equipment": [],
  "Model": 127,
  "PlayerName": "Super_MrSpring",
  "PosZ": -1004.3000000119209,
  "Id": [
    502458298,
    1004424044,
    -2010234803,
    -585201907
  ],
  "PosY": -63.0,
  "PosX": -105.8931235453653,
  "Dimension": "minecraft:overworld",
  "ArmorInventory": [],
  "Timestamp": 1762012420760,
  "MainInventory": [],
  "Experience": 0,
  "PlayerUuid": [
    679926084,
    -1317977793,
    -1390064289,
    669927149
  ],
  "Items": [],
  "OffHandInventory": []
}