{
  "Equipment": [],
  "Model": 127,
  "PlayerName": "Super_MrSpring",
  "PosZ": -56.531685057400544,
  "Id": [
    1060439277,
    1686194541,
    -1638195426,
    1045708560
  ],
  "PosY": 112.0,
  "PosX": -364.69999998807907,
  "Dimension": "amplidim:overworld",
  "ArmorInventory": [],
  "Timestamp": 1762012400252,
  "MainInventory": [],
  "Experience": 6,
  "PlayerUuid": [
    679926084,
    -1317977793,
    -1390064289,
    669927149
  ],
  "Items": [],
  "OffHandInventory": []
}