{
  "Equipment": [],
  "Model": 127,
  "PlayerName": "Super_MrSpring",
  "PosZ": -1005.0165488828887,
  "Id": [
    -1795179014,
    -1010349466,
    -1653799225,
    590993530
  ],
  "PosY": -63.0,
  "PosX": -106.00210791044604,
  "Dimension": "minecraft:overworld",
  "ArmorInventory": [],
  "Timestamp": 1762207800709,
  "MainInventory": [],
  "Experience": 0,
  "PlayerUuid": [
    679926084,
    -1317977793,
    -1390064289,
    669927149
  ],
  "Items": [],
  "OffHandInventory": []
}