{
  "Equipment": [],
  "Model": 127,
  "PlayerName": "Super_MrSpring",
  "PosZ": -1005.6999999880791,
  "Id": [
    -923657805,
    -2026618213,
    -1531051802,
    1796189896
  ],
  "PosY": -63.0,
  "PosX": -106.69872496225904,
  "Dimension": "minecraft:overworld",
  "ArmorInventory": [],
  "Timestamp": 1761906319384,
  "MainInventory": [],
  "Experience": 0,
  "PlayerUuid": [
    679926084,
    -1317977793,
    -1390064289,
    669927149
  ],
  "Items": [],
  "OffHandInventory": []
}