{
  "Equipment": [],
  "Model": 127,
  "PlayerName": "Super_MrSpring",
  "PosZ": -1004.3000000119209,
  "Id": [
    -470620420,
    1204503457,
    -1116967315,
    -1643318904
  ],
  "PosY": -63.0,
  "PosX": -105.70532006575708,
  "Dimension": "minecraft:overworld",
  "ArmorInventory": [],
  "Timestamp": 1762207552548,
  "MainInventory": [],
  "Experience": 0,
  "PlayerUuid": [
    679926084,
    -1317977793,
    -1390064289,
    669927149
  ],
  "Items": [],
  "OffHandInventory": []
}