{
  "Equipment": [],
  "Model": 127,
  "PlayerName": "Super_MrSpring",
  "PosZ": -1005.6999999880791,
  "Id": [
    -367967921,
    -863285613,
    -1567983623,
    40665798
  ],
  "PosY": -63.0,
  "PosX": -106.69999998807907,
  "Dimension": "minecraft:overworld",
  "ArmorInventory": [],
  "Timestamp": 1762012330772,
  "MainInventory": [],
  "Experience": 0,
  "PlayerUuid": [
    679926084,
    -1317977793,
    -1390064289,
    669927149
  ],
  "Items": [],
  "OffHandInventory": []
}