{
    "playerCount": 18,
    "ticksPlayed": 217272150,
    "daysPlayed": 9053.00625,
    "daysPlayedIRL": 125.73619791666665,
    "totalDistanceCM": 2221340274
}