{
  "data": {
    "type": 0,
    "openers": [
      [
        -777886662,
        -43627786,
        -2114708613,
        -1931975085
      ],
      [
        2088048874,
        -679722978,
        -2141306900,
        -1177290616
      ],
      [
        1433557250,
        -1386395105,
        -1629274564,
        1643515946
      ],
      [
        -1300637667,
        -584760945,
        -1215534361,
        674047685
      ],
      [
        -1885153931,
        100551408,
        -1506813879,
        988589670
      ],
      [
        -1678841899,
        1864648116,
        -1393378093,
        -894335838
      ]
    ],
    "inventories": [
      {
        "chest": {
          "Items": [
            {
              "Slot": 0,
              "count": 1,
              "components": {
                "minecraft:enchantments": {
                  "levels": {
                    "minecraft:fire_protection": 4,
                    "minecraft:protection": 4
                  }
                }
              },
              "id": "minecraft:iron_leggings"
            },
            {
              "Slot": 1,
              "count": 4,
              "id": "minecraft:iron_ingot"
            }
          ]
        },
        "uuid": [
          1433557250,
          -1386395105,
          -1629274564,
          1643515946
        ]
      },
      {
        "chest": {
          "Items": [
            {
              "Slot": 2,
              "count": 1,
              "id": "minecraft:beetroot_seeds"
            },
            {
              "Slot": 14,
              "count": 1,
              "components": {
                "relics:data": {
                  "abilities": {
                    "abilities": {
                      "blink": {
                        "stats": {
                          "distance": {
                            "initialValue": 28.54474
                          },
                          "cooldown": {
                            "initialValue": 9.84391
                          }
                        },
                        "lock": {
                          "breaks": 5
                        },
                        "research": {
                          "links": {},
                          "researched": 0
                        },
                        "extender": {
                          "ticking": 0,
                          "cooldown": 0,
                          "cooldownCap": 0
                        },
                        "points": 0
                      }
                    }
                  },
                  "leveling": {
                    "luck": 0,
                    "experience": 0,
                    "level": 0,
                    "points": 0
                  }
                }
              },
              "id": "relics:chorus_inhibitor"
            },
            {
              "Slot": 21,
              "count": 1,
              "id": "minecraft:beetroot_seeds"
            },
            {
              "Slot": 22,
              "count": 1,
              "id": "minecraft:beetroot_seeds"
            },
            {
              "Slot": 23,
              "count": 2,
              "id": "minecraft:beetroot_seeds"
            },
            {
              "Slot": 24,
              "count": 1,
              "components": {
                "minecraft:enchantments": {
                  "levels": {
                    "minecraft:smite": 5
                  }
                }
              },
              "id": "farmersdelight:iron_knife"
            }
          ]
        },
        "uuid": [
          2088048874,
          -679722978,
          -2141306900,
          -1177290616
        ]
      },
      {
        "chest": {
          "Items": [
            {
              "Slot": 0,
              "count": 1,
              "components": {
                "minecraft:enchantments": {
                  "levels": {
                    "minecraft:binding_curse": 1,
                    "minecraft:protection": 4,
                    "minecraft:unbreaking": 3
                  }
                }
              },
              "id": "minecraft:iron_helmet"
            },
            {
              "Slot": 1,
              "count": 1,
              "components": {
                "minecraft:enchantments": {
                  "levels": {
                    "apothic_enchanting:rebounding": 1
                  }
                }
              },
              "id": "minecraft:iron_leggings"
            },
            {
              "Slot": 2,
              "count": 1,
              "components": {
                "minecraft:enchantments": {
                  "levels": {
                    "minecraft:protection": 3
                  }
                }
              },
              "id": "minecraft:iron_leggings"
            },
            {
              "Slot": 3,
              "count": 1,
              "components": {
                "minecraft:potion_contents": {
                  "potion": "ars_nouveau:mana_regen_potion_strong"
                }
              },
              "id": "minecraft:potion"
            },
            {
              "Slot": 4,
              "count": 4,
              "id": "ars_nouveau:source_gem"
            },
            {
              "Slot": 5,
              "count": 1,
              "id": "ars_nouveau:drygmy_shard"
            }
          ]
        },
        "uuid": [
          -1885153931,
          100551408,
          -1506813879,
          988589670
        ]
      },
      {
        "chest": {
          "Items": []
        },
        "uuid": [
          -1678841899,
          1864648116,
          -1393378093,
          -894335838
        ]
      },
      {
        "chest": {
          "Items": [
            {
              "Slot": 0,
              "count": 10,
              "id": "minecraft:beetroot_seeds"
            },
            {
              "Slot": 1,
              "count": 1,
              "components": {
                "minecraft:enchantments": {
                  "levels": {
                    "minecraft:respiration": 3,
                    "minecraft:protection": 3
                  }
                }
              },
              "id": "minecraft:iron_helmet"
            },
            {
              "Slot": 2,
              "count": 1,
              "components": {
                "minecraft:enchantments": {
                  "levels": {
                    "minecraft:depth_strider": 3,
                    "ars_nouveau:mana_boost": 3
                  }
                }
              },
              "id": "minecraft:diamond_boots"
            },
            {
              "Slot": 4,
              "count": 1,
              "components": {
                "relics:data": {
                  "abilities": {
                    "abilities": {
                      "bridge": {
                        "stats": {
                          "duration": {
                            "initialValue": 0.47488
                          }
                        },
                        "lock": {
                          "breaks": 5
                        },
                        "research": {
                          "links": {},
                          "researched": 0
                        },
                        "extender": {
                          "ticking": 1,
                          "cooldown": 0,
                          "cooldownCap": 0
                        },
                        "points": 0
                      }
                    }
                  },
                  "leveling": {
                    "luck": 0,
                    "experience": 0,
                    "level": 0,
                    "points": 0
                  }
                }
              },
              "id": "relics:phantom_boot"
            }
          ]
        },